available,category,price,priceExcludeTax,priceIncludeTax,rating,title
16,Sequential Art,50.40,50.40,50.40,star-rating Three,"Rat Queens, Vol. 3: Demons (Rat Queens (Collected Editions) #11-15)"
16,Nonfiction,19.83,19.83,19.83,,Reskilling America: Learning to Labor in the Twenty-First Century
16,Nonfiction,22.00,22.00,22.00,,In the Country We Love: My Family Divided
16,Sequential Art,51.04,51.04,51.04,,"Saga, Volume 5 (Saga (Collected Editions) #5)"
19,Travel,45.17,45.17,45.17,,It's Only the Himalayas
16,Science Fiction,35.67,35.67,35.67,,Join
16,Add a comment,53.90,53.90,53.90,,Judo: Seven Steps to Black Belt (an Introductory Guide for Beginners)
16,Sequential Art,19.92,19.92,19.92,,Lumberjanes Vol. 3: A Terrible Plan (Lumberjanes #9-12)
16,Food and Drink,40.11,40.11,40.11,,"Layered: Baking, Building, and Styling Spectacular Cakes"
16,Sequential Art,46.91,46.91,46.91,,"Lumberjanes, Vol. 2: Friendship to the Max (Lumberjanes #5-8)"
14,Christian,47.72,47.72,47.72,,Crazy Love: Overwhelmed by a Relentless God
16,Sequential Art,45.61,45.61,45.61,star-rating Three,"Lumberjanes, Vol. 1: Beware the Kitten Holy (Lumberjanes #1-4)"
16,Food and Drink,14.02,14.02,14.02,,"Mama Tried: Traditional Italian Cooking for the Screwed, Crude, Vegan, and Tattooed"
14,Fiction,25.01,25.01,25.01,star-rating Three,Cometh the Hour (The Clifton Chronicles #6)
14,Default,47.02,47.02,47.02,star-rating Three,"Hush, Hush (Hush, Hush #1)"
14,Humor,14.75,14.75,14.75,,"Hyperbole and a Half: Unfortunate Situations, Flawed Coping Mechanisms, Mayhem, and Other Things That Happened"
14,Fiction,10.60,10.60,10.60,,I Am Pilgrim (Pilgrim #1)
8,Suspense,58.33,58.33,58.33,star-rating Three,Silence in the Dark (Logan Point #4)
8,Christian Fiction,39.67,39.67,39.67,,Shadows of the Past (Logan Point #1)
8,Young Adult,28.93,28.93,28.93,,South of Sunshine
8,Business,36.91,36.91,36.91,,The E-Myth Revisited: Why Most Small Businesses Don't Work and What to Do About It
8,Nonfiction,38.89,38.89,38.89,,Smarter Faster Better: The Secrets of Being Productive in Life and Business
6,Poetry,15.42,15.42,15.42,,The Collected Poems of W.B. Yeats (The Collected Works of W.B. Yeats #1)
6,Default,10.27,10.27,10.27,,The Fellowship of the Ring (The Lord of the Rings #1)
7,Childrens,32.38,32.38,32.38,,Playing from the Heart
7,Childrens,34.41,34.41,34.41,,Raymie Nightingale
7,Business,51.74,51.74,51.74,,"Rich Dad, Poor Dad"
6,Historical,15.79,15.79,15.79,,The Girl You Left Behind (The Girl You Left Behind #1)
6,Add a comment,46.85,46.85,46.85,star-rating Three,The God Delusion
6,Add a comment,18.77,18.77,18.77,,The Golden Compass (His Dark Materials #1)
6,Travel,30.54,30.54,30.54,,The Great Railway Bazaar
6,Historical Fiction,37.34,37.34,37.34,,The Invention of Wings
6,Default,17.80,17.80,17.80,,The Hobbit (Middle-Earth Universe)
6,Add a comment,43.27,43.27,43.27,,The Joy of Cooking
6,Default,31.58,31.58,31.58,,The Makings of a Fatherless Child
6,Nonfiction,59.45,59.45,59.45,,The Man Who Mistook His Wife for a Hat and Other Clinical Tales
6,Default,55.02,55.02,55.02,star-rating Three,The Perks of Being a Wallflower
6,Mystery,24.80,24.80,24.80,,The Mysterious Affair at Styles (Hercule Poirot #1)
6,History,39.67,39.67,39.67,,The Rise and Fall of the Third Reich: A History of Nazi Germany
7,Fantasy,44.81,44.81,44.81,,A Gathering of Shadows (Shades of Magic #2)
7,History,52.40,52.40,52.40,,A Short History of Nearly Everything
6,Default,57.84,57.84,57.84,,The Sound Of Love
7,Travel,44.34,44.34,44.34,,A Summer In Europe
7,Philosophy,29.93,29.93,29.93,,"At The Existentialist Café: Freedom, Being, and apricot cocktails with: Jean-Paul Sartre, Simone de Beauvoir, Albert Camus, Martin Heidegger, Edmund Husserl, Karl Jaspers, Maurice Merleau-Ponty and others"
7,Biography,48.19,48.19,48.19,star-rating Three,Benjamin Franklin: An American Life
7,Childrens,52.87,52.87,52.87,star-rating Three,"Shrunken Treasures: Literary Classics, Short, Sweet, and Silly"
7,Fiction,40.20,40.20,40.20,,Sister Dear
7,Romance,20.90,20.90,20.90,star-rating Three,"Sit, Stay, Love"
7,Default,20.90,20.90,20.90,,Steal Like an Artist: 10 Things Nobody Told You About Being Creative
7,Add a comment,20.12,20.12,20.12,,Team of Rivals: The Political Genius of Abraham Lincoln
7,Default,33.17,33.17,33.17,,The 7 Habits of Highly Effective People: Powerful Lessons in Personal Change
7,Historical Fiction,16.62,16.62,16.62,star-rating Three,The Constant Princess (The Tudor Court #1)
7,Mystery,52.30,52.30,52.30,,The Bachelor Girl's Guide to Murder (Herringford and Watts Mysteries #1)
7,Art,32.34,32.34,32.34,,The Art Book
7,Fiction,42.78,42.78,42.78,,The Bourne Identity (Jason Bourne #1)
7,Add a comment,35.67,35.67,35.67,star-rating Three,The Drowning Girls
7,Biography,39.55,39.55,39.55,,The Faith of Christopher Hitchens: The Restless Soul of the World's Most Notorious Atheist
7,Default,49.03,49.03,49.03,star-rating Three,The Good Girl
7,Add a comment,16.24,16.24,16.24,,The Glass Castle
7,Default,36.05,36.05,36.05,,The Great Gatsby
7,Art,41.14,41.14,41.14,,The Story of Art
7,Science,10.01,10.01,10.01,,The Origin of Species
7,Childrens,35.96,35.96,35.96,,The Whale
7,Default,34.72,34.72,34.72,,The Year of Living Biblically: One Man's Humble Quest to Follow the Bible as Literally as Possible
7,Humor,25.55,25.55,25.55,,Toddlers Are A**holes: It's Not Your Fault
7,Spirituality,46.33,46.33,46.33,,Unreasonable Hope: Finding Faith in the God Who Brings Purpose to Your Pain
7,Travel,37.33,37.33,37.33,star-rating Three,Under the Tuscan Sun
7,Mystery,25.37,25.37,25.37,,What Happened on Beale Street (Secrets of the South Mysteries #2)
7,Default,22.14,22.14,22.14,,Wildlife of New York: A Five-Borough Coloring Book
8,Food and Drink,53.63,53.63,53.63,,32 Yolks
8,Nonfiction,13.20,13.20,13.20,star-rating Three,"A Murder Over a Girl: Justice, Gender, Junior High"
7,Self Help,12.08,12.08,12.08,star-rating Three,You Are a Badass: How to Stop Doubting Your Greatness and Start Living an Awesome Life
8,History,44.48,44.48,44.48,,"""Most Blessed of the Patriarchs"": Thomas Jefferson and the Empire of the Imagination"
8,Nonfiction,55.06,55.06,55.06,,Being Mortal: Medicine and What Matters in the End
8,Nonfiction,56.91,56.91,56.91,,Between the World and Me
8,Nonfiction,19.22,19.22,19.22,,Brazen: The Courage to Find the You That's Been Hiding
8,History,11.45,11.45,11.45,star-rating Three,Brilliant Beacons: A History of the American Lighthouse
8,Default,37.51,37.51,37.51,,Death by Leisure: A Cautionary Tale
8,Science,28.41,28.41,28.41,,Diary of a Citizen Scientist: Chasing Tiger Beetles and Other New Ways of Engaging the World
8,Default,43.64,43.64,43.64,,Ender's Game (The Ender Quintet #1)
8,Young Adult,55.65,55.65,55.65,,Future Shock (Future Shock #1)
8,Default,52.86,52.86,52.86,,Heaven is for Real: A Little Boy's Astounding Story of His Trip to Heaven and Back
7,Christian,25.77,25.77,25.77,,Blue Like Jazz: Nonreligious Thoughts on Christian Spirituality
7,Music,52.60,52.60,52.60,,"Chronicles, Vol. 1"
7,Christian Fiction,17.97,17.97,17.97,,Counted With the Stars (Out from Egypt #1)
7,Mystery,20.89,20.89,20.89,,Delivering the Truth (Quaker Midwife Mystery #1)
7,Fantasy,12.16,12.16,12.16,,Every Heart a Doorway (Every Heart A Doorway #1)
7,Nonfiction,46.64,46.64,46.64,,Finding God in the Ruins: How God Redeems Pain
7,Nonfiction,45.13,45.13,45.13,star-rating Three,For the Love: Fighting for Grace in a World of Impossible Standards
7,Sequential Art,19.57,19.57,19.57,,"Fruits Basket, Vol. 7 (Fruits Basket #7)"
7,Add a comment,37.05,37.05,37.05,,Good in Bed (Cannie Shapiro #1)
7,Food and Drink,28.25,28.25,28.25,,How to Be a Domestic Goddess: Baking and the Art of Comfort Cooking
7,Food and Drink,46.01,46.01,46.01,,How to Cook Everything Vegetarian: Simple Meatless Recipes for Great Food (How to Cook Everything)
7,Add a comment,57.43,57.43,57.43,,John Adams
7,Poetry,51.17,51.17,51.17,,Leave This Song Behind: Teen Poetry at Its Best
7,Default,13.22,13.22,13.22,,Life of Pi
7,Fantasy,39.61,39.61,39.61,,King's Folly (The Kinsman Chronicles #1)
7,Fiction,49.67,49.67,49.67,star-rating Three,Memoirs of a Geisha
7,Christian Fiction,28.77,28.77,28.77,,Like Never Before (Walker Family #2)
7,Food and Drink,11.38,11.38,11.38,,"Naturally Lean: 125 Nourishing Gluten-Free, Plant-Based Recipes--All Under 300 Calories"
7,Womens Fiction,43.58,43.58,43.58,star-rating Three,Meternity
7,Young Adult,50.35,50.35,50.35,,Nightstruck: A Novel
8,Default,41.39,41.39,41.39,,The Martian (The Martian #1)
8,Short Stories,35.88,35.88,35.88,,The Grownup
8,Fiction,51.15,51.15,51.15,,The High Mountains of Portugal
8,Nonfiction,28.45,28.45,28.45,,"The Midnight Assassin: Panic, Scandal, and the Hunt for America's First Serial Killer"
8,Art,43.02,43.02,43.02,star-rating Three,The New Drawing on the Right Side of the Brain
8,Default,43.62,43.62,43.62,,The Unlikely Pilgrimage of Harold Fry (Harold Fry #1)
8,Nonfiction,39.36,39.36,39.36,,When Breath Becomes Air
8,Travel,36.94,36.94,36.94,,Vagabonding: An Uncommon Guide to the Art of Long-Term World Travel
8,Nonfiction,17.76,17.76,17.76,,Why Not Me?
8,Nonfiction,34.06,34.06,34.06,star-rating Three,"Zero to One: Notes on Startups, or How to Build the Future"
9,Add a comment,35.79,35.79,35.79,,23 Degrees South: A Tropical Tale of Changing Whether...
9,Add a comment,50.49,50.49,50.49,star-rating Three,A Hero's Curse (The Unseen Chronicles #1)
9,Fantasy,56.63,56.63,56.63,star-rating Three,A Shard of Ice (The Black Symphony Saga #1)
9,Art,48.63,48.63,48.63,,Art and Fear: Observations on the Perils (and Rewards) of Artmaking
9,Nonfiction,35.92,35.92,35.92,,Chernobyl 01:23:40: The Incredible True Story of the World's Worst Nuclear Disaster
9,Young Adult,33.23,33.23,33.23,,Don't Forget Steven
9,Humor,43.68,43.68,43.68,star-rating Three,Dress Your Family in Corduroy and Denim
9,Sequential Art,33.95,33.95,33.95,,"Fruits Basket, Vol. 9 (Fruits Basket #9)"
9,Spirituality,20.91,20.91,20.91,,If I Gave You God's Phone Number....: Searching for Spirituality in America
9,Default,47.44,47.44,47.44,,Modern Day Fables
9,Default,10.41,10.41,10.41,,"NaNo What Now? Finding your editing process, revising your NaNoWriMo book and building a writing career through publishing and beyond"
9,Childrens,25.08,25.08,25.08,,Nap-a-Roo
9,Novels,54.81,54.81,54.81,,Suzie Snowflake: One beautiful flake (a self-esteem story)
9,Young Adult,54.40,54.40,54.40,,The Alien Club
9,Health,52.98,52.98,52.98,,The Art and Science of Low Carbohydrate Living
9,Religion,24.57,24.57,24.57,star-rating Three,The Book of Mormon
9,Science,55.91,55.91,55.91,,"The Fabric of the Cosmos: Space, Time, and the Texture of Reality"
9,Default,16.68,16.68,16.68,,The Flowers Lied
9,Default,44.05,44.05,44.05,,The New Brand You: Your New Image Makes the Sale for You
9,Food and Drink,12.34,12.34,12.34,,"The Moosewood Cookbook: Recipes from Moosewood Restaurant, Ithaca, New York"
9,Fiction,28.03,28.03,28.03,,The Shack
9,Default,58.87,58.87,58.87,,Unlimited Intuition Now
9,Default,11.82,11.82,11.82,,Underlying Notes
8,Art,10.29,10.29,10.29,,History of Beauty
9,Add a comment,58.05,58.05,58.05,,Watchmen
9,Add a comment,48.27,48.27,48.27,,Without Shame
8,Poetry,40.45,40.45,40.45,,Howl and Other Poems
8,Fiction,21.96,21.96,21.96,,Hystopia: A Novel
8,Nonfiction,44.21,44.21,44.21,,I Will Find You
8,Default,56.48,56.48,56.48,,I'll Give You the Sun
8,Default,20.22,20.22,20.22,,John Vassos: Industrial Design for Modern Life
8,Philosophy,47.13,47.13,47.13,,Kierkegaard: A Christian Missionary to Christians
8,Music,45.05,45.05,45.05,,Kill 'Em and Leave: Searching for James Brown and the American Soul
8,Default,40.72,40.72,40.72,,Left Behind (Left Behind #1)
8,Poetry,29.04,29.04,29.04,,Les Fleurs du Mal
8,Nonfiction,12.55,12.55,12.55,star-rating Three,Living Forward: A Proven Plan to Stop Drifting and Get the Life You Want
8,Nonfiction,25.06,25.06,25.06,,"Love That Boy: What Two Presidents, Eight Road Trips, and My Son Taught Me About a Parent's Expectations"
8,Nonfiction,29.48,29.48,29.48,star-rating Three,Man's Search for Meaning
8,Fiction,58.54,58.54,58.54,,Miller's Valley
8,Young Adult,36.39,36.39,36.39,,My Life Next Door (My Life Next Door )
8,Poetry,53.64,53.64,53.64,,Out of Print: City Lights Spotlight No. 14
8,Music,31.19,31.19,31.19,,Please Kill Me: The Uncensored Oral History of Punk
8,Philosophy,54.21,54.21,54.21,,Proofs of God: Classical Arguments from Tertullian to Barth
8,Nonfiction,21.82,21.82,21.82,star-rating Three,Rising Strong
8,Sequential Art,14.10,14.10,14.10,,Roller Girl
12,Default,58.32,58.32,58.32,,How to Speak Golf: An Illustrated Guide to Links Lingo
12,Mystery,35.28,35.28,35.28,star-rating Three,Most Wanted
12,Historical Fiction,20.55,20.55,20.55,,"Love, Lies and Spies"
12,Mystery,54.36,54.36,54.36,,Murder at the 42nd Street Library (Raymond Ambler #1)
12,Young Adult,54.65,54.65,54.65,,No Love Allowed (Dodge Cove #1)
12,Add a comment,15.71,15.71,15.71,,One with You (Crossfire #5)
12,Mystery,26.80,26.80,26.80,star-rating Three,Poisonous (Max Revere Novels #3)
12,Horror,36.97,36.97,36.97,,Psycho: Sanitarium (Psycho #1.5)
12,Business,43.14,43.14,43.14,,Quench Your Own Thirst: Business Lessons Learned Over a Beer or Two
12,Default,49.67,49.67,49.67,,Raspberry Pi Electronics Projects for the Evil Genius
12,Nonfiction,21.21,21.21,21.21,star-rating Three,Snatched: How A Drug Queen Went Undercover for the DEA and Was Kidnapped By Colombian Guerillas
12,Young Adult,48.05,48.05,48.05,,Stars Above (The Lunar Chronicles #4.5)
12,Nonfiction,59.90,59.90,59.90,star-rating Three,The Diary of a Young Girl
12,Add a comment,11.88,11.88,11.88,star-rating Three,The Children
12,Young Adult,14.44,14.44,14.44,,The Epidemic (The Program 0.6)
12,Psychology,39.43,39.43,39.43,,The Golden Condom: And Other Essays on Love Lost and Found
12,Fiction,56.54,56.54,56.54,,The Dinner Party
12,Add a comment,59.15,59.15,59.15,,The Gray Rhino: How to Recognize and Act on the Obvious Dangers We Ignore
12,Nonfiction,33.26,33.26,33.26,,The Lonely City: Adventures in the Art of Being Alone
14,Default,51.48,51.48,51.48,star-rating Three,Angels & Demons (Robert Langdon #1)
12,Add a comment,26.20,26.20,26.20,,The Midnight Watch: A Novel of the Titanic and the Californian
14,Add a comment,34.20,34.20,34.20,,Angels Walking (Angels Walking #1)
14,Fiction,17.03,17.03,17.03,star-rating Three,Balloon Animals
14,Young Adult,58.14,58.14,58.14,,Aristotle and Dante Discover the Secrets of the Universe (Aristotle and Dante Discover the Secrets of the Universe #1)
14,Sequential Art,48.80,48.80,48.80,star-rating Three,Art Ops Vol. 1
14,Food and Drink,50.62,50.62,50.62,,Barefoot Contessa at Home: Everyday Recipes You'll Make Over and Over Again
14,Sequential Art,32.01,32.01,32.01,,Batman: Europa
14,Nonfiction,37.80,37.80,37.80,,Buying In: The Secret Dialogue Between What We Buy and Who We Are
14,Food and Drink,28.01,28.01,28.01,,Barefoot Contessa Back to Basics
14,Nonfiction,49.32,49.32,49.32,,Brain on Fire: My Month of Madness
14,Default,46.23,46.23,46.23,,Carrie
14,Default,31.85,31.85,31.85,star-rating Three,"Carry On, Warrior: Thoughts on Life Unarmed"
14,Young Adult,50.83,50.83,50.83,star-rating Three,Catching Jordan (Hundred Oaks)
14,Add a comment,20.29,20.29,20.29,,Cell
14,Default,47.27,47.27,47.27,,City of Ashes (The Mortal Instruments #2)
14,Default,11.23,11.23,11.23,,City of Fallen Angels (The Mortal Instruments #4)
14,Fantasy,56.02,56.02,56.02,,City of Glass (The Mortal Instruments #3)
14,Default,43.28,43.28,43.28,,City of Bones (The Mortal Instruments #1)
11,Romance,47.67,47.67,47.67,star-rating Three,Off the Hook (Fishing for Trouble #1)
14,Default,44.14,44.14,44.14,,Clockwork Angel (The Infernal Devices #1)
14,Add a comment,22.13,22.13,22.13,,Code Name Verity (Code Name Verity #1)
11,Mystery,13.71,13.71,13.71,star-rating Three,Playing with Fire
11,Biography,21.15,21.15,21.15,,"Setting the World on Fire: The Brief, Astonishing Life of St. Catherine of Siena"
11,Science Fiction,48.74,48.74,48.74,,Sleeping Giants (Themis Files #1)
11,Romance,53.98,53.98,53.98,star-rating Three,Take Me Home Tonight (Rock Star Romance #3)
11,Business,21.00,21.00,21.00,star-rating Three,The Art of Startup Fundraising
11,Mystery,27.26,27.26,27.26,,The Widow
11,Fiction,59.45,59.45,59.45,,The Improbability of Love
11,Nonfiction,11.68,11.68,11.68,,"The Sleep Revolution: Transforming Your Life, One Night at a Time"
11,Default,48.39,48.39,48.39,,Troublemaker: Surviving Hollywood and Scientology
12,Food and Drink,38.77,38.77,38.77,,"A la Mode: 120 Recipes in 60 Pairings: Pies, Tarts, Cakes, Crisps, and More Topped with Ice Cream, Gelato, Frozen Custard, and More"
12,Historical Fiction,39.01,39.01,39.01,,A Paris Apartment
12,Horror,48.64,48.64,48.64,,Can You Keep a Secret? (Fear Street Relaunch #4)
12,Mystery,59.48,59.48,59.48,star-rating Three,Boar Island (Anna Pigeon #19)
12,Politics,56.86,56.86,56.86,,Equal Is Unfair: America's Misguided Fight Against Income Inequality
12,Food and Drink,20.10,20.10,20.10,,Everyday Italian: 125 Simple and Delicious Recipes
12,Romance,40.83,40.83,40.83,,Dirty (Dive Bar #1)
12,Default,56.51,56.51,56.51,,Eleanor & Park
12,Nonfiction,41.46,41.46,41.46,,Furiously Happy: A Funny Book About Horrible Things
12,Mystery,11.84,11.84,11.84,,Hide Away (Eve Duncan #20)
10,Health,49.71,49.71,49.71,,10-Day Green Smoothie Cleanse: Lose Up to 15 Pounds in 10 Days!
10,Nonfiction,24.57,24.57,24.57,,"10% Happier: How I Tamed the Voice in My Head, Reduced Stress Without Losing My Edge, and Found Self-Help That Actually Works"
11,Default,20.88,20.88,20.88,,Adultery
11,Romance,14.75,14.75,14.75,,A Gentleman's Position (Society of Gentlemen #3)
11,Nonfiction,19.53,19.53,19.53,star-rating Three,A Mother's Reckoning: Living in the Aftermath of Tragedy
11,Fiction,48.48,48.48,48.48,star-rating Three,11/22/63
11,Science Fiction,21.36,21.36,21.36,,Arena
11,Business,21.59,21.59,21.59,,Born for This: How to Find the Work You Were Meant to Do
11,Food and Drink,20.50,20.50,20.50,star-rating Three,Cravings: Recipes for What You Want to Eat
11,Fiction,16.34,16.34,16.34,star-rating Three,Daredevils
11,Young Adult,51.34,51.34,51.34,,"Exit, Pursued by a Bear"
11,Psychology,56.27,56.27,56.27,star-rating Three,It Didn't Start with You: How Inherited Family Trauma Shapes Who We Are and How to End the Cycle
11,Womens Fiction,20.46,20.46,20.46,,Keep Me Posted
11,Womens Fiction,48.49,48.49,48.49,,Grey (Fifty Shades #4)
11,Autobiography,40.85,40.85,40.85,,Lab Girl
11,Fiction,45.14,45.14,45.14,,Lies and Other Acts of Love
11,Autobiography,27.18,27.18,27.18,,M Train
11,Historical Fiction,17.28,17.28,17.28,,Lilac Girls
11,Nonfiction,16.89,16.89,16.89,,"Mother, Can You Not?"
12,Fantasy,32.30,32.30,32.30,,The Star-Touched Queen
11,Fiction,13.34,13.34,13.34,,Mothering Sunday
12,Fiction,46.29,46.29,46.29,,The Silent Sister (Riley MacPherson #1)
12,Science,37.55,37.55,37.55,,Tipping Point for Planet Earth: How Close Are We to the Edge?
12,Womens Fiction,13.86,13.86,13.86,star-rating Three,Will You Won't You Want Me?
13,Nonfiction,27.06,27.06,27.06,,13 Hours: The Inside Account of What Really Happened In Benghazi
13,Food and Drink,11.53,11.53,11.53,,My Kitchen Year: 136 Recipes That Saved My Life
13,Add a comment,37.86,37.86,37.86,,Rook
13,Default,13.33,13.33,13.33,star-rating Three,"The Three Searches, Meaning, and the Story"
14,History,21.80,21.80,21.80,star-rating Three,1491: New Revelations of the Americas Before Columbus
13,Fantasy,38.73,38.73,38.73,,Searching for Meaning in Gailana
14,Add a comment,55.51,55.51,55.51,,A Brush of Wings (Angels Walking #3)
14,History,14.58,14.58,14.58,star-rating Three,A Distant Mirror: The Calamitous 14th Century
14,Fiction,39.72,39.72,39.72,,A Man Called Ove
14,Add a comment,40.79,40.79,40.79,,A People's History of the United States
14,Add a comment,56.48,56.48,56.48,,"A Series of Catastrophes and Miracles: A True Story of Love, Science, and Cancer"
14,Mystery,16.73,16.73,16.73,,A Study in Scarlet (Sherlock Holmes #1)
14,Mystery,48.35,48.35,48.35,,A Time of Torment (Charlie Parker #14)
14,Nonfiction,56.37,56.37,56.37,,Abstract City
14,Sequential Art,10.90,10.90,10.90,,"Adulthood Is a Myth: A ""Sarah's Scribbles"" Collection"
14,Historical,29.87,29.87,29.87,,All the Light We Cannot See
14,Food and Drink,19.55,19.55,19.55,,"It's All Easy: Healthy, Delicious Weeknight Meals in under 30 Minutes"
14,Fantasy,29.65,29.65,29.65,,Island of Dragons (Unwanteds #7)
14,Humor,25.98,25.98,25.98,,I Know What I'm Doing -- and Other Lies I Tell Myself: Dispatches from a Life Under Construction
14,Default,46.91,46.91,46.91,,"Living Leadership by Insight: A Good Leader Achieves, a Great Leader Builds Monuments"
14,Nonfiction,29.14,29.14,29.14,,Looking for Lovely: Collecting the Moments that Matter
14,Default,16.28,16.28,16.28,,Lady Midnight (The Dark Artifices #1)
14,Nonfiction,26.79,26.79,26.79,,Let It Out: A Journey Through Journaling
14,Music,18.03,18.03,18.03,,Love Is a Mix Tape (Music #1)
14,Childrens,53.95,53.95,53.95,star-rating Three,Luis Paints the World
14,Default,49.83,49.83,49.83,star-rating Three,Luckiest Girl Alive
14,Sequential Art,51.51,51.51,51.51,,Lowriders to the Center of the Earth (Lowriders in Space #2)
14,Business,38.85,38.85,38.85,,Made to Stick: Why Some Ideas Survive and Others Die
14,Add a comment,37.61,37.61,37.61,,More Than Music (Chasing the Dream #1)
14,Fiction,28.90,28.90,28.90,,Mr. Mercedes (Bill Hodges Trilogy #1)
14,Young Adult,40.36,40.36,40.36,,My Kind of Crazy
14,Fiction,24.48,24.48,24.48,star-rating Three,My Mrs. Brown
14,Fiction,41.56,41.56,41.56,,My Name Is Lucy Barton
14,Default,36.58,36.58,36.58,,Daily Fantasy Sports
14,Fiction,11.21,11.21,11.21,,Dear Mr. Knightley
14,Fantasy,37.51,37.51,37.51,,Demigods & Magicians: Percy and Annabeth Meet the Kanes (Percy Jackson & Kane Chronicles Crossover #1-3)
14,Horror,40.12,40.12,40.12,,Doctor Sleep (The Shining #2)
14,Young Adult,55.35,55.35,55.35,,Don't Get Caught
14,Health,54.07,54.07,54.07,,"Eat Fat, Get Thin"
14,Nonfiction,51.75,51.75,51.75,,"Eaternity: More than 150 Deliciously Easy Vegan Recipes for a Long, Healthy, Satisfied, Joyful Life"
14,Sequential Art,57.62,57.62,57.62,,El Deafo
14,Fiction,27.09,27.09,27.09,star-rating Three,Eligible (The Austen Project #4)
14,Fiction,14.39,14.39,14.39,,Eight Hundred Grapes
14,Default,46.47,46.47,46.47,star-rating Three,Every Last Word
14,Nonfiction,15.06,15.06,15.06,,"Far & Away: Places on the Brink of Change: Seven Continents, Twenty-Five Years"
14,Art,49.05,49.05,49.05,star-rating Three,Feathers: Displays of Brilliant Plumage
14,Historical Fiction,45.84,45.84,45.84,star-rating Three,Glory over Everything: Beyond The Kitchen House
14,Religion,30.03,30.03,30.03,,God: The Most Unpleasant Character in All Fiction
14,Nonfiction,58.79,58.79,58.79,star-rating Three,Hamilton: The Revolution
14,Default,10.23,10.23,10.23,,Greek Mythic History
14,Humor,11.83,11.83,11.83,,Old School (Diary of a Wimpy Kid #10)
14,Sequential Art,38.39,38.39,38.39,,"Naruto (3-in-1 Edition), Vol. 14: Includes Vols. 40, 41 & 42 (Naruto: Omnibus #14)"
14,Nonfiction,21.95,21.95,21.95,,No Dream Is Too High: Life Lessons From a Man Who Walked on the Moon
14,Self Help,52.15,52.15,52.15,star-rating Three,"Overload: How to Unplug, Unwind, and Unleash Yourself from the Pressure of Stress"
14,Childrens,18.28,18.28,18.28,,Once Was a Time
14,Romance,28.82,28.82,28.82,,Hold Your Breath (Search and Rescue #1)
14,Horror,10.56,10.56,10.56,star-rating Three,Pet Sematary
14,Poetry,50.89,50.89,50.89,,"Quarter Life Poetry: Poems for the Young, Broke and Hangry"
14,Sequential Art,25.48,25.48,25.48,,"Red Hood/Arsenal, Vol. 1: Open for Business (Red Hood/Arsenal #1)"
14,Childrens,23.57,23.57,23.57,star-rating Three,Rain Fish
14,Sequential Art,47.82,47.82,47.82,star-rating Three,Robin War
14,Travel,48.87,48.87,48.87,star-rating Three,See America: A Celebration of Our National Parks & Treasured Sites
14,Poetry,46.78,46.78,46.78,,salt.
14,Fiction,55.84,55.84,55.84,,Shtum
14,Sequential Art,35.43,35.43,35.43,,"So Cute It Hurts!!, Vol. 6 (So Cute It Hurts!! #6)"
14,Contemporary,52.79,52.79,52.79,,Someone Like You (The Harrisons #2)
14,Science,44.74,44.74,44.74,,Sorting the Beef from the Bull: The Science of Food Fraud Forensics
14,Default,39.50,39.50,39.50,,Steve Jobs
14,Fiction,26.41,26.41,26.41,star-rating Three,Still Life with Bread Crumbs
14,Sequential Art,11.89,11.89,11.89,,Superman Vol. 1: Before Truth (Superman by Gene Luen Yang #1)
14,Nonfiction,45.58,45.58,45.58,,Swell: A Year of Waves
14,Default,54.04,54.04,54.04,,The Rosie Project (Don Tillman #1)
14,Add a comment,37.40,37.40,37.40,,The Song of Achilles
14,Default,44.48,44.48,44.48,,The Songs of the Gods
14,Fiction,52.67,52.67,52.67,,The Testament of Mary
14,Fiction,27.88,27.88,27.88,,The Time Keeper
14,Fantasy,46.02,46.02,46.02,,The Star-Touched Queen
14,Romance,32.61,32.61,32.61,star-rating Three,The Wedding Pact (The O'Malleys #2)
14,Nonfiction,43.04,43.04,43.04,,The Year of Magical Thinking
14,Add a comment,25.91,25.91,25.91,,The White Queen (The Cousins' War #1)
14,Default,56.80,56.80,56.80,,The Wright Brothers
14,Young Adult,27.12,27.12,27.12,,This Is Where It Ends
14,Childrens,22.08,22.08,22.08,,Twenty Yawns
14,Sequential Art,25.38,25.38,25.38,,Through the Woods
14,Default,45.95,45.95,45.95,,"Unbroken: A World War II Story of Survival, Resilience, and Redemption"
14,Young Adult,46.31,46.31,46.31,,Until Friday Night (The Field Party #1)
14,Default,37.10,37.10,37.10,,V for Vendetta (V for Vendetta Complete)
14,Childrens,12.96,12.96,12.96,,Walt Disney's Alice in Wonderland
14,Sequential Art,53.90,53.90,53.90,,"We Are Robin, Vol. 1: The Vigilante Business (We Are Robin #1)"
14,Nonfiction,19.60,19.60,19.60,,What's It Like in Space?: Stories from Astronauts Who've Been There
14,Nonfiction,38.20,38.20,38.20,,Whole Lotta Creativity Going On: 60 Fun and Unusual Exercises to Awaken and Strengthen Your Creativity
14,Fiction,45.21,45.21,45.21,star-rating Three,Take Me with You
14,Mystery,13.92,13.92,13.92,,That Darkness (Gardiner and Renner #1)
14,Mystery,10.69,10.69,10.69,,Tastes Like Fear (DI Marnie Rome #3)
14,Thriller,39.24,39.24,39.24,,The 14th Colony (Cotton Malone #11)
14,Nonfiction,15.77,15.77,15.77,,The Bad-Ass Librarians of Timbuktu: And Their Race to Save the World’s Most Precious Manuscripts
14,Fantasy,44.73,44.73,44.73,,The Bane Chronicles (The Bane Chronicles #1-11)
14,Young Adult,35.35,35.35,35.35,,The Darkest Lie
14,Thriller,13.82,13.82,13.82,,The Guilty (Will Robie #4)
14,Food and Drink,28.77,28.77,28.77,star-rating Three,The Help Yourself Cookbook for Kids: 60 Easy Plant-Based Recipes Kids Can Make to Stay Healthy and Save the Earth
14,Add a comment,48.78,48.78,48.78,,The Dovekeepers
14,Fiction,25.85,25.85,25.85,star-rating Three,The First Hostage (J.B. Collins #2)
14,Fantasy,52.26,52.26,52.26,,The Hidden Oracle (The Trials of Apollo #1)
14,Add a comment,40.67,40.67,40.67,,The Immortal Life of Henrietta Lacks
14,Nonfiction,17.43,17.43,17.43,star-rating Three,The Literature Book (Big Ideas Simply Explained)
14,Mystery,54.21,54.21,54.21,,The Last Mile (Amos Decker #2)
14,Historical Fiction,28.08,28.08,28.08,,The Marriage of Opposites
14,Psychology,10.40,10.40,10.40,,The Lucifer Effect: Understanding How Good People Turn Evil
14,Horror,23.40,23.40,23.40,,The Loney
14,Humor,44.07,44.07,44.07,,The Long Haul (Diary of a Wimpy Kid #9)
14,Default,16.88,16.88,16.88,star-rating Three,The Power of Habit: Why We Do What We Do in Life and Business
14,Politics,52.65,52.65,52.65,,Why the Right Went Wrong: Conservatism--From Goldwater to the Tea Party and Beyond
14,Sequential Art,37.34,37.34,37.34,,"Wonder Woman: Earth One, Volume One (Wonder Woman: Earth One #1)"
14,Young Adult,14.36,14.36,14.36,,Wild Swans
14,Thriller,43.61,43.61,43.61,,You (You #1)
15,Default,50.54,50.54,50.54,,Amatus
14,History,24.70,24.70,24.70,star-rating Three,Zealot: The Life and Times of Jesus of Nazareth
15,Nonfiction,12.51,12.51,12.51,,Agnostic: A Spirited Manifesto
15,Cultural,36.58,36.58,36.58,,Amid the Chaos
15,Default,18.46,18.46,18.46,star-rating Three,Amy Meets the Saints and Sages
15,Default,15.48,15.48,15.48,,Ayumi's Violin
15,Default,46.82,46.82,46.82,,Anonymous
15,Sequential Art,15.38,15.38,15.38,,Batman: The Dark Knight Returns (Batman)
15,Nonfiction,27.43,27.43,27.43,,Becoming Wise: An Inquiry into the Mystery and Art of Living
15,Sequential Art,36.50,36.50,36.50,,Batman: The Long Halloween (Batman)
15,Default,11.11,11.11,11.11,,Beauty Restored (Riley Family Legacy Novellas #3)
15,Nonfiction,30.80,30.80,30.80,star-rating Three,Big Magic: Creative Living Beyond Fear
15,Spirituality,37.80,37.80,37.80,,Chasing Heaven: What Dying Taught Me About Living
15,Christian Fiction,49.46,49.46,49.46,,Close to You
15,Erotica,19.19,19.19,19.19,,Dark Notes
15,Nonfiction,19.43,19.43,19.43,star-rating Three,"Daring Greatly: How the Courage to Be Vulnerable Transforms the Way We Live, Love, Parent, and Lead"
15,Default,34.95,34.95,34.95,,Drive: The Surprising Truth About What Motivates Us
15,Romance,35.61,35.61,35.61,star-rating Three,Doing It Over (Most Likely To #1)
15,Default,37.72,37.72,37.72,,Done Rubbed Out (Reightman & Bailey #1)
15,Food and Drink,42.16,42.16,42.16,star-rating Three,"Deliciously Ella Every Day: Quick and Easy Recipes for Gluten-Free Snacks, Packed Lunches, and Simple Meals"
15,Default,54.59,54.59,54.59,,Eureka Trivia 6.0
15,Default,29.00,29.00,29.00,,First Steps for New Christians (Print Edition)
15,Sequential Art,41.62,41.62,41.62,,"Fables, Vol. 1: Legends in Exile (Fables #1)"
15,Fiction,53.53,53.53,53.53,,Finders Keepers (Bill Hodges Trilogy #2)
15,Young Adult,29.99,29.99,29.99,,Frostbite (Vampire Academy #2)
15,Horror,21.36,21.36,21.36,,Follow You Home
15,Default,22.16,22.16,22.16,,Grumbles
15,Travel,49.43,49.43,49.43,,Full Moon over Noah’s Ark: An Odyssey to Mount Ararat and Beyond
15,Young Adult,48.56,48.56,48.56,,Library of Souls (Miss Peregrine’s Peculiar Children #3)
15,Fantasy,42.98,42.98,42.98,,Hollow City (Miss Peregrine’s Peculiar Children #2)
15,Womens Fiction,57.36,57.36,57.36,,I Had a Nice Time And Other Lies...: How to find love & sh*t like that
15,Default,19.15,19.15,19.15,,Large Print Heart of the Pride
15,Default,10.76,10.76,10.76,,Miss Peregrine’s Home for Peculiar Children (Miss Peregrine’s Peculiar Children #1)
15,Childrens,13.47,13.47,13.47,star-rating Three,Little Red
15,Add a comment,28.26,28.26,28.26,,Modern Romance
15,Biography,16.85,16.85,16.85,,Louisa: The Extraordinary Life of Mrs. Adams
15,Historical Fiction,30.25,30.25,30.25,,Mrs. Houdini
15,Poetry,41.05,41.05,41.05,,Night Sky with Exit Wounds
15,Default,41.06,41.06,41.06,,Poses for Artists Volume 1 - Dynamic and Sitting Poses: An Essential Reference for Figure Drawing and the Human Form
15,Young Adult,38.28,38.28,38.28,,"Nightingale, Sing"
15,Christian Fiction,20.47,20.47,20.47,,Redeeming Love
15,Default,36.94,36.94,36.94,,Romero and Juliet: A Tragic Tale of Love and Zombies
15,Poetry,14.19,14.19,14.19,,Poems That Make Grown Women Cry
15,Young Adult,43.55,43.55,43.55,,Scarlett Epstein Hates It Here
15,Default,20.27,20.27,20.27,,Secrets and Lace (Fatal Hearts #1)
15,Add a comment,29.06,29.06,29.06,star-rating Three,"Shobu Samurai, Project Aryoku (#3)"
15,Business,23.99,23.99,23.99,,Shoe Dog: A Memoir by the Creator of NIKE
15,Science Fiction,26.12,26.12,26.12,,Soft Apocalypse
15,Romance,16.24,16.24,16.24,,Something More Than This
15,Nonfiction,12.23,12.23,12.23,,So You've Been Publicly Shamed
15,Romance,55.99,55.99,55.99,,Suddenly in Love (Lake Haven #1)
15,Business,27.55,27.55,27.55,star-rating Three,The 10% Entrepreneur: Live Your Startup Dream Without Quitting Your Day Job
15,Autobiography,10.93,10.93,10.93,,The Argonauts
15,Default,33.34,33.34,33.34,,The Art of War
15,Nonfiction,38.49,38.49,38.49,,The Artist's Way: A Spiritual Path to Higher Creativity
15,Default,32.00,32.00,32.00,star-rating Three,The Bridge to Consciousness: I'm Writing the Bridge Between Science and Our Old and New Beliefs.
16,Fantasy,56.40,56.40,56.40,,Masks and Shadows
16,Add a comment,14.07,14.07,14.07,star-rating Three,On a Midnight Clear
16,Food and Drink,33.37,33.37,33.37,,My Paris Kitchen: Recipes and Stories
16,Young Adult,14.86,14.86,14.86,,Obsidian (Lux #1)
16,Self Help,46.35,46.35,46.35,,Online Marketing for Busy Authors: A Step-By-Step Guide
16,Sequential Art,48.41,48.41,48.41,,orange: The Complete Collection 1 (orange: The Complete Collection #1)
16,Sequential Art,10.16,10.16,10.16,star-rating Three,Patience
16,Sequential Art,15.44,15.44,15.44,,"Outcast, Vol. 1: A Darkness Surrounds Him (Outcast #1)"
16,History,36.28,36.28,36.28,,"Political Suicide: Missteps, Peccadilloes, Bad Calls, Backroom Hijinx, Sordid Pasts, Rotten Breaks, and Just Plain Dumb Mistakes in the Annals of American Politics"
16,Sequential Art,18.97,18.97,18.97,,"Pop Gun War, Volume 1: Gift"
16,Sequential Art,13.61,13.61,13.61,,"Princess Jellyfish 2-in-1 Omnibus, Vol. 01 (Princess Jellyfish 2-in-1 Omnibus #1)"
16,Fantasy,13.34,13.34,13.34,,Princess Between Worlds (Wide-Awake Princess #5)
15,Philosophy,17.44,17.44,17.44,,The Stranger
15,Business,12.61,12.61,12.61,,The Third Wave: An Entrepreneur’s Vision of the Future
15,Fiction,42.15,42.15,42.15,,The Vacationers
15,Childrens,58.08,58.08,58.08,,The White Cat and the Monk: A Retelling of the Poem “Pangur Bán”
15,Romance,24.12,24.12,24.12,,The Wedding Dress
15,Default,52.72,52.72,52.72,,Thirteen Reasons Why
15,History,59.64,59.64,59.64,,Thomas Jefferson and the Tripoli Pirates: The Forgotten War That Changed American History
15,Fantasy,35.07,35.07,35.07,star-rating Three,Throne of Glass (Throne of Glass #1)
15,Fiction,21.04,21.04,21.04,,Tuesday Nights in 1980
15,Default,41.60,41.60,41.60,star-rating Three,Tracing Numbers on a Train
15,Science Fiction,43.30,43.30,43.30,,"William Shakespeare's Star Wars: Verily, A New Hope (William Shakespeare's Star Wars #4)"
15,Religion,21.87,21.87,21.87,,You Are What You Love: The Spiritual Power of Habit
16,Fantasy,52.37,52.37,52.37,,A Court of Thorns and Roses (A Court of Thorns and Roses #1)
16,Christian,54.00,54.00,54.00,,(Un)Qualified: How God Uses Broken People to Do Big Things
16,Historical Fiction,55.53,55.53,55.53,,A Flight of Arrows (The Pathfinders #2)
16,Young Adult,28.13,28.13,28.13,,A Fierce and Subtle Poison
16,Mystery,16.64,16.64,16.64,,A Murder in Time
16,Default,42.95,42.95,42.95,,A World of Flavor: Your Gluten Free Passport
16,Default,56.76,56.76,56.76,,"A Piece of Sky, a Grain of Rice: A Memoir in Four Meditations"
16,Sequential Art,37.92,37.92,37.92,,"Bitch Planet, Vol. 1: Extraordinary Machine (Bitch Planet (Collected Editions))"
16,Nonfiction,30.81,30.81,30.81,,Algorithms to Live By: The Computer Science of Human Decisions
16,Fantasy,28.09,28.09,28.09,,"Avatar: The Last Airbender: Smoke and Shadow, Part 3 (Smoke and Shadow #3)"
16,Default,49.46,49.46,49.46,,Bossypants
16,Young Adult,28.81,28.81,28.81,star-rating Three,Burning
16,Sequential Art,17.08,17.08,17.08,,Camp Midnight
16,Sequential Art,36.72,36.72,36.72,,"Codename Baboushka, Volume 1: The Conclave of Death"
16,Nonfiction,29.14,29.14,29.14,,Call the Nurse: True Stories of a Country Nurse on a Scottish Isle
16,Religion,37.97,37.97,37.97,,"Don't Be a Jerk: And Other Practical Advice from Dogen, Japan's Greatest Zen Master"
16,Fantasy,43.29,43.29,43.29,star-rating Three,Crown of Midnight (Throne of Glass #2)
16,Sequential Art,51.99,51.99,51.99,,Danganronpa Volume 1
16,Romance,21.96,21.96,21.96,,Fifty Shades Darker (Fifty Shades #2)
16,Nonfiction,54.35,54.35,54.35,,Everydata: The Misinformation Hidden in the Little Data You Consume Every Day
16,Romance,15.97,15.97,15.97,,First and First (Five Boroughs #3)
16,Sequential Art,22.11,22.11,22.11,,"Giant Days, Vol. 2 (Giant Days #5-8)"
16,Historical Fiction,29.69,29.69,29.69,star-rating Three,Forever and Forever: The Courtship of Henry Longfellow and Fanny Appleton
16,Romance,33.97,33.97,33.97,,Her Backup Boyfriend (The Sorensen Family #1)
16,Self Help,46.03,46.03,46.03,,How to Be Miserable: 40 Strategies You Already Use
16,Sequential Art,54.63,54.63,54.63,star-rating Three,I am a Hero Omnibus Volume 1
16,Sequential Art,29.17,29.17,29.17,,"I Hate Fairyland, Vol. 1: Madly Ever After (I Hate Fairyland (Compilations) #1-5)"
16,Science,57.36,57.36,57.36,,Immunity: How Elie Metchnikoff Changed the Course of Modern Medicine
16,Young Adult,45.22,45.22,45.22,star-rating Three,The Natural History of Us (The Fine Art of Pretending #2)
16,Mystery,56.50,56.50,56.50,,The Past Never Ends
16,Food and Drink,56.41,56.41,56.41,,"The Pioneer Woman Cooks: Dinnertime: Comfort Classics, Freezer Food, 16-Minute Meals, and Other Delicious Ways to Solve Supper!"
16,Childrens,56.13,56.13,56.13,,The Secret of Dreadwillow Carse
16,Add a comment,19.09,19.09,19.09,,The Torch Is Passed: A Harding Family Story
16,Nonfiction,31.12,31.12,31.12,star-rating Three,Throwing Rocks at the Google Bus: How Growth Became the Enemy of Prosperity
16,Fiction,17.27,17.27,17.27,,Thirst
16,Sequential Art,19.49,19.49,19.49,,This One Summer
16,History,25.52,25.52,25.52,,"Unbound: How Eight Technologies Made Us Human, Transformed Society, and Brought Our World to the Brink"
16,Sequential Art,16.28,16.28,16.28,,Tsubasa: WoRLD CHRoNiCLE 2 (Tsubasa WoRLD CHRoNiCLE #2)
16,Fantasy,18.78,18.78,18.78,star-rating Three,Unicorn Tracks
16,Nonfiction,44.18,44.18,44.18,,"Unseen City: The Majesty of Pigeons, the Discreet Charm of Snails & Other Wonders of the Urban Wilderness"
16,Poetry,14.27,14.27,14.27,,Untitled Collection: Sabbath Poems 2014
16,Contemporary,31.77,31.77,31.77,,When We Collided
16,Fiction,50.27,50.27,50.27,,"We Love You, Charlie Freeman"
16,New Adult,45.07,45.07,45.07,,Without Borders (Wanderlove #1)
17,Fiction,47.61,47.61,47.61,,Private Paris (Private #10)
17,Nonfiction,23.11,23.11,23.11,,#HigherSelfie: Wake Up Your Life. Free Your Soul. Find Your Tribe.
17,Nonfiction,26.41,26.41,26.41,,Reasons to Stay Alive
17,Poetry,57.31,57.31,57.31,star-rating Three,Slow States of Collapse: Poems
15,Food and Drink,41.25,41.25,41.25,,The Cookies & Cups Cookbook: 125+ sweet & savory recipes reminding you to Always Eat Dessert First
15,Default,23.15,23.15,23.15,,The Emerald Mystery
15,Nonfiction,17.24,17.24,17.24,,The Genius of Birds
15,Default,55.02,55.02,55.02,,The Girl on the Train
15,Fantasy,44.28,44.28,44.28,,The Glittering Court (The Glittering Court #1)
15,Historical Fiction,36.95,36.95,36.95,,The House by the Lake
15,Default,41.82,41.82,41.82,,The Kite Runner
15,Crime,10.97,10.97,10.97,,The Long Shadow of Small Ghosts: Murder and Memory in an American City
15,Food and Drink,37.60,37.60,37.60,,The Love and Lemons Cookbook: An Apple-to-Zucchini Celebration of Impromptu Cooking
15,New Adult,55.85,55.85,55.85,,The Matchmaker's Playbook (Wingmen Inc. #1)
15,New Adult,43.29,43.29,43.29,star-rating Three,The Mistake (Off-Campus #2)
15,Mystery,44.10,44.10,44.10,,The Murder of Roger Ackroyd (Hercule Poirot #4)
15,Food and Drink,37.34,37.34,37.34,,The Nerdy Nummies Cookbook: Sweet Treats for the Geek in All of Us
15,Nonfiction,38.21,38.21,38.21,,The Omnivore's Dilemma: A Natural History of Four Meals
15,Default,36.00,36.00,36.00,,The Psychopath Test: A Journey Through the Madness Industry
15,Fiction,51.36,51.36,51.36,,The Regional Office Is Under Attack!
15,Nonfiction,43.54,43.54,43.54,,The Power of Now: A Guide to Spiritual Enlightenment
15,Science Fiction,10.65,10.65,10.65,,The Project
15,Default,27.37,27.37,27.37,,The Secret (The Secret #1)
15,Sequential Art,33.14,33.14,33.14,,The Shadow Hero (The Shadow Hero)
17,Poetry,33.63,33.63,33.63,,You can't bury them all: Poems
18,Thriller,52.22,52.22,52.22,,Behind Closed Doors
18,Default,33.29,33.29,33.29,star-rating Three,Penny Maybe
18,Philosophy,15.94,15.94,15.94,,Sophie's World
18,Mystery,19.63,19.63,19.63,,"In a Dark, Dark Wood"
18,Default,18.02,18.02,18.02,,Maude (1883-1993):She Grew Up with the country
18,Childrens,36.89,36.89,36.89,,The Bear and the Piano
18,Thriller,23.82,23.82,23.82,,The Elephant Tree
18,Nonfiction,31.05,31.05,31.05,star-rating Three,The Five Love Languages: How to Express Heartfelt Commitment to Your Mate
18,Spirituality,17.66,17.66,17.66,,The Four Agreements: A Practical Guide to Personal Freedom
18,Art,44.18,44.18,44.18,,Wall and Piece
19,Default,22.50,22.50,22.50,star-rating Three,America's Cradle of Quarterbacks: Western Pennsylvania's Football Factory from Johnny Unitas to Joe Montana
18,Nonfiction,40.30,40.30,40.30,,Worlds Elsewhere: Journeys Around Shakespeare’s Globe
19,Default,53.13,53.13,53.13,star-rating Three,Aladdin and His Wonderful Lamp
19,Childrens,54.64,54.64,54.64,star-rating Three,Birdsong: A Story in Pictures
19,Romance,25.27,25.27,25.27,,Chase Me (Paris Nights #2)
19,Romance,34.53,34.53,34.53,,Black Dust
19,Food and Drink,30.52,30.52,30.52,star-rating Three,"Foolproof Preserving: A Guide to Small Batch Jams, Jellies, Pickles, Condiments, and More: A Foolproof Guide to Making Small Batch Jams, Jellies, Pickles, Condiments, and More"
19,Music,37.32,37.32,37.32,,How Music Works
19,Thriller,12.84,12.84,12.84,,In Her Wake
19,Politics,51.33,51.33,51.33,,Libertarianism for Beginners
19,Science Fiction,37.59,37.59,37.59,,Mesaerion: The Best Science Fiction Stories 1800-1849
16,Horror,39.25,39.25,39.25,,Security
16,Fantasy,25.02,25.02,25.02,star-rating Three,"Saga, Volume 6 (Saga (Collected Editions) #6)"
16,Nonfiction,41.83,41.83,41.83,,Spark Joy: An Illustrated Master Class on the Art of Organizing and Tidying Up
16,Default,39.58,39.58,39.58,,Soul Reader
16,Spirituality,32.24,32.24,32.24,,The Activist's Tao Te Ching: Ancient Advice for a Modern Revolution
16,History,19.73,19.73,19.73,,The Age of Genius: The Seventeenth Century and the Birth of the Modern Mind
16,Add a comment,40.76,40.76,40.76,star-rating Three,The Art Forger
16,Health,49.05,49.05,49.05,star-rating Three,"The Bulletproof Diet: Lose up to a Pound a Day, Reclaim Energy and Focus, Upgrade Your Life"
16,Philosophy,58.11,58.11,58.11,,The Death of Humanity: and the Case for Life
16,Nonfiction,56.06,56.06,56.06,,The Electric Pencil: Drawings from Inside State Hospital No. 3
16,Nonfiction,37.13,37.13,37.13,,The Gutsy Girl: Escapades for Your Life of Epic Adventure
16,Default,20.59,20.59,20.59,,"The Inefficiency Assassin: Time Management Tactics for Working Smarter, Not Longer"
16,Nonfiction,16.77,16.77,16.77,star-rating Three,The Life-Changing Magic of Tidying Up: The Japanese Art of Decluttering and Organizing
16,Add a comment,23.89,23.89,23.89,,"The Mindfulness and Acceptance Workbook for Anxiety: A Guide to Breaking Free from Anxiety, Phobias, and Worry Using Acceptance and Commitment Therapy"
16,Science,42.96,42.96,42.96,,The Most Perfect Thing: Inside (and Outside) a Bird's Egg
16,Fiction,54.11,54.11,54.11,star-rating Three,The Murder That Never Was (Forensic Instincts #5)
16,Sequential Art,38.16,38.16,38.16,,The Nameless City (The Nameless City #1)
19,Music,57.25,57.25,57.25,star-rating Three,"Our Band Could Be Your Life: Scenes from the American Indie Underground, 1981-1991"
19,Poetry,23.88,23.88,23.88,,Olio
19,Young Adult,17.46,17.46,17.46,,Set Me Free
19,Music,35.02,35.02,35.02,,Rip it Up and Start Again
19,Sequential Art,52.29,52.29,52.29,,Scott Pilgrim's Precious Little Life (Scott Pilgrim #1)
19,Default,13.99,13.99,13.99,,"Starving Hearts (Triangular Trade Trilogy, #1)"
19,Poetry,20.66,20.66,20.66,,Shakespeare's Sonnets
19,Poetry,52.15,52.15,52.15,,The Black Maria
20,History,54.23,54.23,54.23,,Sapiens: A Brief History of Humankind
19,Default,22.60,22.60,22.60,,The Boys in the Boat: Nine Americans and Their Epic Quest for Gold at the 1936 Berlin Olympics
19,Default,17.93,17.93,17.93,star-rating Three,"The Coming Woman: A Novel Based on the Life of the Infamous Feminist, Victoria Woodhull"
19,Business,33.34,33.34,33.34,,The Dirty Little Secrets of Getting Your Dream Job
20,Mystery,47.82,47.82,47.82,,Sharp Objects
19,Young Adult,22.65,22.65,22.65,,The Requiem Red
20,Fiction,50.10,50.10,50.10,,Soumission
20,Historical Fiction,53.74,53.74,53.74,,Tipping the Velvet
22,Poetry,51.77,51.77,51.77,star-rating Three,A Light in the Attic
5,Fiction,44.58,44.58,44.58,,The Expatriates
5,Fantasy,56.00,56.00,56.00,,The False Prince (The Ascendance Trilogy #1)
5,Default,47.22,47.22,47.22,,The Fault in Our Stars
5,Fiction,45.56,45.56,45.56,star-rating Three,The Firm
5,Science,13.76,13.76,13.76,star-rating Three,The Grand Design
5,Young Adult,15.52,15.52,15.52,,Kill the Boy Band
5,Thriller,31.49,31.49,31.49,,Killing Floor (Jack Reacher #1)
5,Fiction,59.98,59.98,59.98,star-rating Three,Last One Home (New Beginnings #1)
5,History,51.22,51.22,51.22,,America's War for the Greater Middle East: A Military History
4,Sequential Art,50.44,50.44,50.44,,"Fruits Basket, Vol. 4 (Fruits Basket #4)"
4,Historical Fiction,26.77,26.77,26.77,,Girl With a Pearl Earring
4,Nonfiction,27.80,27.80,27.80,,God Is Not Great: How Religion Poisons Everything
4,Classics,32.49,32.49,32.49,star-rating Three,Gone with the Wind
3,Womens Fiction,44.29,44.29,44.29,,The Devil Wears Prada (The Devil Wears Prada #1)
3,Default,52.25,52.25,52.25,,The Demon-Haunted World: Science as a Candle in the Dark
3,Default,25.02,25.02,25.02,,"Lean In: Women, Work, and the Will to Lead"
3,Young Adult,43.69,43.69,43.69,,Legend (Legend #1)
3,Young Adult,53.04,53.04,53.04,,Lady Renegades (Rebel Belle #3)
3,Humor,55.50,55.50,55.50,,"Lamb: The Gospel According to Biff, Christ's Childhood Pal"
3,Default,46.45,46.45,46.45,,Shopaholic & Baby (Shopaholic #5)
3,Childrens,26.33,26.33,26.33,,The Day the Crayons Came Home (Crayons)
3,Childrens,10.66,10.66,10.66,star-rating Three,Are We There Yet?
3,Nonfiction,56.58,56.58,56.58,,Are We Smart Enough to Know How Smart Animals Are?
3,Sequential Art,38.02,38.02,38.02,,Awkward
3,Fantasy,22.06,22.06,22.06,,Ash
1,Sequential Art,40.28,40.28,40.28,,"Fruits Basket, Vol. 1 (Fruits Basket #1)"
1,Science Fiction,34.96,34.96,34.96,,Having the Barbarian's Baby (Ice Planet Barbarians #7.5)
1,Sequential Art,45.24,45.24,45.24,star-rating Three,"Hawkeye, Vol. 1: My Life as a Weapon (Hawkeye #1)"
1,Sequential Art,56.76,56.76,56.76,,"Giant Days, Vol. 1 (Giant Days #1-4)"
1,Sports and Games,40.44,40.44,40.44,,Icing (Aces Hockey #2)
1,Romance,34.74,34.74,34.74,,Imperfect Harmony
1,Romance,58.99,58.99,58.99,star-rating Three,Listen to Me (Fusion #1)
1,Default,38.43,38.43,38.43,,Jane Eyre
1,Fiction,57.20,57.20,57.20,,Kitchens of the Great Midwest
1,Historical Fiction,27.70,27.70,27.70,,Lost Among the Living
1,Add a comment,24.89,24.89,24.89,star-rating Three,Lord of the Flies
1,Romance,38.92,38.92,38.92,,My Perfect Mistake (Over the Top #1)
1,Childrens,28.34,28.34,28.34,,Matilda
1,Philosophy,25.89,25.89,25.89,,Meditations
1,Fantasy,58.75,58.75,58.75,,Myriad (Prentor #1)
1,Sequential Art,39.39,39.39,39.39,,"Ms. Marvel, Vol. 1: No Normal (Ms. Marvel (2014-2015) #1)"
1,Classics,47.11,47.11,47.11,,Of Mice and Men
1,Music,55.66,55.66,55.66,,Old Records Never Die: One Man's Quest for His Vinyl and His Past
1,New Adult,39.45,39.45,39.45,,Off Sides (Off #1)
1,Default,32.36,32.36,32.36,star-rating Three,On the Road (Duluoz Legend)
1,Travel,26.08,26.08,26.08,,"1,000 Places to See Before You Die"
1,Mystery,53.98,53.98,53.98,,1st to Die (Women's Murder Club #1)
1,Sequential Art,57.06,57.06,57.06,,"Ajin: Demi-Human, Volume 1 (Ajin: Demi-Human #1)"
1,Historical Fiction,16.97,16.97,16.97,,A Spy's Devotion (The Regency Spies of London #1)
1,Philosophy,43.38,43.38,43.38,,Beyond Good and Evil
1,Sequential Art,34.65,34.65,34.65,,"Bleach, Vol. 1: Strawberry and the Soul Reapers (Bleach #1)"
1,Classics,55.53,55.53,55.53,,Alice in Wonderland (Alice's Adventures in Wonderland #1)
1,Mystery,20.30,20.30,20.30,star-rating Three,Blood Defense (Samantha Brinkman #1)
1,Romance,37.26,37.26,37.26,,Bounty (Colorado Mountain #7)
1,Womens Fiction,29.82,29.82,29.82,,Bridget Jones's Diary (Bridget Jones #1)
1,Fiction,39.07,39.07,39.07,,Bright Lines
1,Romance,41.24,41.24,41.24,,Charity's Cross (Charles Towne Belles #4)
1,Religion,28.42,28.42,28.42,,Choosing Our Religion: The Spiritual Lives of America's Nones
1,Childrens,22.85,22.85,22.85,star-rating Three,Charlie and the Chocolate Factory (Charlie Bucket #1)
1,Romance,47.09,47.09,47.09,,Deep Under (Walker Security #1)
1,Nonfiction,51.32,51.32,51.32,star-rating Three,"Eat, Pray, Love"
1,Classics,32.93,32.93,32.93,,Emma
1,Romance,39.24,39.24,39.24,star-rating Three,Fighting Fate (Fighting #6)
1,Default,38.00,38.00,38.00,,Frankenstein
1,Music,28.80,28.80,28.80,star-rating Three,Forever Rockers (The Rocker #12)
1,Fantasy,52.94,52.94,52.94,,One Second (Seven #7)
1,Fantasy,28.99,28.99,28.99,,Origins (Alphas 0.5)
1,Sequential Art,29.87,29.87,29.87,star-rating Three,"Ouran High School Host Club, Vol. 1 (Ouran High School Host Club #1)"
1,Sequential Art,21.71,21.71,21.71,,"Paper Girls, Vol. 1 (Paper Girls #1-5)"
1,Default,24.96,24.96,24.96,,Paradise Lost (Paradise #1)
1,Sequential Art,46.96,46.96,46.96,,"Rat Queens, Vol. 1: Sass & Sorcery (Rat Queens (Collected Editions) #1-5)"
1,Romance,28.34,28.34,28.34,,"Rhythm, Chord & Malykhin"
1,Sequential Art,28.48,28.48,28.48,,"Saga, Volume 1 (Saga (Collected Editions) #1)"
1,Classics,37.46,37.46,37.46,,Sense and Sensibility
1,Sports and Games,44.91,44.91,44.91,,Settling the Score (The Summer Games #1)
1,Fantasy,21.72,21.72,21.72,,Shadow Rites (Jane Yellowrock #10)
1,Default,42.40,42.40,42.40,,Shatter Me (Shatter Me #1)
1,New Adult,58.35,58.35,58.35,star-rating Three,Shameless
1,Sequential Art,42.12,42.12,42.12,star-rating Three,"Skip Beat!, Vol. 01 (Skip Beat! #1)"
1,Historical Fiction,25.83,25.83,25.83,star-rating Three,Starlark
1,Fantasy,13.33,13.33,13.33,star-rating Three,Sister Sable (The Mad Queen #1)
1,Default,18.88,18.88,18.88,,Taking Shots (Assassins #1)
1,Young Adult,40.83,40.83,40.83,,The Art of Not Breathing
1,Fiction,30.66,30.66,30.66,star-rating Three,The Bette Davis Club
3,Default,21.55,21.55,21.55,,Beautiful Creatures (Caster Chronicles #1)
1,Religion,57.49,57.49,57.49,star-rating Three,The Bhagavad Gita
3,Classics,38.35,38.35,38.35,,Beowulf
3,Romance,27.41,27.41,27.41,,Best of My Love (Fool's Gold #20)
3,Historical Fiction,20.79,20.79,20.79,,Between Shades of Gray
3,Fiction,22.11,22.11,22.11,,Big Little Lies
3,Sequential Art,49.31,49.31,49.31,,"Black Butler, Vol. 1 (Black Butler #1)"
3,Nonfiction,40.87,40.87,40.87,,Black Flags: The Rise of ISIS
3,Nonfiction,21.74,21.74,21.74,,Blink: The Power of Thinking Without Thinking
3,Nonfiction,27.35,27.35,27.35,,"Born to Run: A Hidden Tribe, Superathletes, and the Greatest Race the World Has Never Seen"
3,Young Adult,21.12,21.12,21.12,star-rating Three,Boy Meets Boy
3,Default,35.28,35.28,35.28,,Breaking Dawn (Twilight #4)
3,Nonfiction,51.32,51.32,51.32,,Brave Enough
3,Mystery,24.72,24.72,24.72,,Career of Evil (Cormoran Strike #3)
3,Parenting,37.35,37.35,37.35,,Catastrophic Happiness: Finding Joy in Childhood's Messy Years
3,Young Adult,26.09,26.09,26.09,,Cinder (The Lunar Chronicles #1)
3,Psychology,59.95,59.95,59.95,,Civilization and Its Discontents
1,Add a comment,14.76,14.76,14.76,star-rating Three,The Communist Manifesto
1,Womens Fiction,19.18,19.18,19.18,,The Edge of Reason (Bridget Jones #2)
1,Sequential Art,10.64,10.64,10.64,star-rating Three,The Complete Maus (Maus #1-2)
1,Nonfiction,14.40,14.40,14.40,,The End of the Jesus Era (An Investigation #1)
1,Mystery,15.85,15.85,15.85,star-rating Three,The Girl In The Ice (DCI Erika Foster #1)
1,Mystery,12.29,12.29,12.29,,The Girl You Lost
1,Young Adult,27.89,27.89,27.89,,The Haters
1,New Adult,36.29,36.29,36.29,,The Hook Up (Game On #1)
1,Add a comment,16.16,16.16,16.16,,The Iliad
1,Science Fiction,36.26,36.26,36.26,,The Last Girl (The Dominion Trilogy #1)
1,Add a comment,54.43,54.43,54.43,,The Light of the Fireflies
1,Classics,45.42,45.42,45.42,,The Little Prince
1,Fantasy,29.38,29.38,29.38,,The Mirror & the Maze (The Wrath and the Dawn #1.5)
1,Default,50.59,50.59,50.59,star-rating Three,The Name of the Wind (The Kingkiller Chronicle #1)
1,Philosophy,36.34,36.34,36.34,,The Nicomachean Ethics
1,Mystery,57.70,57.70,57.70,,The No. 1 Ladies' Detective Agency (No. 1 Ladies' Detective Agency #1)
1,Add a comment,29.64,29.64,29.64,star-rating Three,The Odyssey
1,Sequential Art,54.12,54.12,54.12,star-rating Three,"The Sandman, Vol. 1: Preludes and Nocturnes (The Sandman (volumes) #1)"
1,Historical Fiction,34.56,34.56,34.56,star-rating Three,The Secret Healer
1,Science,29.45,29.45,29.45,,The Selfish Gene
1,Add a comment,33.78,33.78,33.78,star-rating Three,The Republic
1,Classics,43.19,43.19,43.19,,The Story of Hong Gildong
1,Nonfiction,41.56,41.56,41.56,,The Tumor
1,Fantasy,36.25,36.25,36.25,star-rating Three,The Silent Twin (Detective Jennifer Knight #3)
1,Fiction,12.34,12.34,12.34,,The Silent Wife
1,Sequential Art,36.52,36.52,36.52,,"The Wicked + The Divine, Vol. 1: The Faust Act (The Wicked + The Divine)"
1,Default,19.69,19.69,19.69,,The Zombie Room
1,Romance,48.71,48.71,48.71,,This One Moment (Pushing Limits #1)
1,Science Fiction,44.18,44.18,44.18,,Three Wishes (River of Time: California #1)
1,Paranormal,15.40,15.40,15.40,,"Vampire Knight, Vol. 1 (Vampire Knight #1)"
1,Fantasy,53.82,53.82,53.82,,Vampire Girl (Vampire Girl #1)
1,Nonfiction,57.82,57.82,57.82,,Travels with Charley: In Search of America
1,Poetry,30.95,30.95,30.95,,Twenty Love Poems and a Song of Despair
1,Art,39.51,39.51,39.51,,Ways of Seeing
1,Fiction,51.96,51.96,51.96,star-rating Three,When I'm Gone
1,Romance,39.77,39.77,39.77,star-rating Three,Where Lightning Strikes (Bleeding Stars #3)
1,Historical Fiction,41.32,41.32,41.32,,While You Were Mine
1,Sequential Art,18.51,18.51,18.51,,"Y: The Last Man, Vol. 1: Unmanned (Y: The Last Man #1)"
2,Childrens,52.88,52.88,52.88,,Diary of a Minecraft Zombie Book 1: A Scare of a Dare (An Unofficial Minecraft Book)
2,Sequential Art,11.64,11.64,11.64,,"Fruits Basket, Vol. 2 (Fruits Basket #2)"
2,Young Adult,53.47,53.47,53.47,,Girl Online On Tour (Girl Online #2)
2,Nonfiction,57.42,57.42,57.42,,H is for Hawk
2,Music,31.58,31.58,31.58,,Life
2,Young Adult,12.86,12.86,12.86,,New Moon (Twilight #2)
2,Nonfiction,34.00,34.00,34.00,star-rating Three,Kindle Paperwhite User's Guide
2,Sequential Art,11.75,11.75,11.75,star-rating Three,"Saga, Volume 2 (Saga (Collected Editions) #2)"
2,Philosophy,20.02,20.02,20.02,,"Run, Spot, Run: The Ethics of Keeping Pets"
2,Sports and Games,24.42,24.42,24.42,,Sugar Rush (Offensive Line #2)
2,Fiction,16.78,16.78,16.78,star-rating Three,The Course of Love
2,Sequential Art,54.81,54.81,54.81,,"The Sandman, Vol. 2: The Doll's House (The Sandman (volumes) #2)"
2,Add a comment,31.38,31.38,31.38,star-rating Three,The Sense of an Ending
3,Psychology,31.04,31.04,31.04,,8 Keys to Mental Health Through Exercise
3,Autobiography,54.29,54.29,54.29,,A Heartbreaking Work of Staggering Genius
2,Nonfiction,11.89,11.89,11.89,,"The Suffragettes (Little Black Classics, #96)"
3,Add a comment,50.96,50.96,50.96,,#GIRLBOSS
3,Fantasy,31.22,31.22,31.22,,A Storm of Swords (A Song of Ice and Fire #3)
3,Default,14.08,14.08,14.08,,A Visit from the Goon Squad
3,Nonfiction,30.48,30.48,30.48,,A Walk in the Woods: Rediscovering America on the Appalachian Trail
3,Young Adult,36.83,36.83,36.83,,Annie on My Mind
3,Classics,35.01,35.01,35.01,,And Then There Were None
3,Add a comment,36.17,36.17,36.17,,Cosmos
3,Childrens,10.62,10.62,10.62,,Counting Thyme
3,Fiction,49.13,49.13,49.13,,Crazy Rich Asians (Crazy Rich Asians #1)
3,Default,23.90,23.90,23.90,,Dark Places
3,Default,17.81,17.81,17.81,,"David and Goliath: Underdogs, Misfits, and the Art of Battling Giants"
3,Fantasy,56.02,56.02,56.02,,Darkfever (Fever #1)
3,Default,39.24,39.24,39.24,,Dead Wake: The Last Crossing of the Lusitania
3,Science Fiction,51.48,51.48,51.48,,Do Androids Dream of Electric Sheep? (Blade Runner #1)
3,Nonfiction,15.28,15.28,15.28,,Disrupted: My Misadventure in the Start-Up Bubble
3,Science Fiction,54.86,54.86,54.86,,Dune (Dune #1)
3,Default,52.62,52.62,52.62,star-rating Three,Dracula
3,Default,18.74,18.74,18.74,,Eclipse (Twilight #3)
3,Fantasy,43.87,43.87,43.87,star-rating Three,Eragon (The Inheritance Cycle #1)
3,Mystery,25.40,25.40,25.40,star-rating Three,Extreme Prey (Lucas Davenport #26)
3,Add a comment,21.28,21.28,21.28,,Fire Bound (Sea Haven/Sisters of the Heart #5)
3,Adult Fiction,15.36,15.36,15.36,,Fifty Shades Freed (Fifty Shades #3)
3,Sequential Art,45.17,45.17,45.17,,"Fruits Basket, Vol. 3 (Fruits Basket #3)"
3,Historical Fiction,46.83,46.83,46.83,,Girl in the Blue Coat
3,Nonfiction,22.20,22.20,22.20,,Letter to a Christian Nation
3,Default,38.62,38.62,38.62,,Fellside
3,Sports and Games,51.22,51.22,51.22,star-rating Three,"Friday Night Lights: A Town, a Team, and a Dream"
3,Default,26.13,26.13,26.13,,Life After Life
3,Science Fiction,33.26,33.26,33.26,,"Life, the Universe and Everything (Hitchhiker's Guide to the Galaxy #3)"
3,Nonfiction,45.11,45.11,45.11,,Let's Pretend This Never Happened: A Mostly True Memoir
3,Autobiography,11.87,11.87,11.87,,Lust & Wonder
3,Autobiography,59.04,59.04,59.04,,Life Without a Recipe
3,Add a comment,34.98,34.98,34.98,,Manuscript Found in Accra
3,Fantasy,55.46,55.46,55.46,,Midnight Riot (Peter Grant/ Rivers of London - books #1)
3,Autobiography,57.60,57.60,57.60,,Me Talk Pretty One Day
3,Nonfiction,57.83,57.83,57.83,,"Miracles from Heaven: A Little Girl, Her Journey to Heaven, and Her Amazing Story of Healing"
3,Fiction,12.47,12.47,12.47,star-rating Three,Lila (Gilead #3)
3,Default,29.40,29.40,29.40,,Morning Star (Red Rising #3)
3,Humor,31.69,31.69,31.69,star-rating Three,Naked
3,Travel,38.95,38.95,38.95,star-rating Three,Neither Here nor There: Travels in Europe
3,Nonfiction,13.51,13.51,13.51,,Night (The Night Trilogy #1)
3,Young Adult,42.21,42.21,42.21,,Golden (Heart of Dread #3)
3,Default,37.60,37.60,37.60,,Gone Girl
3,Nonfiction,26.66,26.66,26.66,,Gratitude
3,Sequential Art,42.72,42.72,42.72,,"Grayson, Vol 3: Nemesis (Grayson #3)"
3,Fantasy,44.07,44.07,44.07,,Heir to the Sky
3,Childrens,10.79,10.79,10.79,,Green Eggs and Ham (Beginner Books B-16)
3,Humor,51.07,51.07,51.07,,Holidays on Ice
3,Childrens,37.52,37.52,37.52,,Horrible Bear!
3,Nonfiction,40.17,40.17,40.17,,Notes from a Small Island (Notes From a Small Island #1)
3,Horror,54.89,54.89,54.89,,House of Leaves
3,History,43.70,43.70,43.70,,"House of Lost Worlds: Dinosaurs, Dynasties, and the Story of Life on Earth"
3,Nonfiction,28.88,28.88,28.88,,I Am Malala: The Girl Who Stood Up for Education and Was Shot by the Taliban
3,Womens Fiction,19.69,19.69,19.69,,I've Got Your Number
3,Christian Fiction,49.97,49.97,49.97,,If I Run (If I Run #1)
3,Nonfiction,28.85,28.85,28.85,star-rating Three,"In the Garden of Beasts: Love, Terror, and an American Family in Hitler's Berlin"
3,Fiction,41.00,41.00,41.00,,Inferno (Robert Langdon #4)
3,Food and Drink,33.14,33.14,33.14,star-rating Three,Hungry Girl Clean & Hungry: Easy All-Natural Recipes for Healthy Eating in the Real World
3,Default,20.11,20.11,20.11,star-rating Three,Is Everyone Hanging Out Without Me? (And Other Concerns)
3,Default,32.87,32.87,32.87,,One for the Money (Stephanie Plum #1)
3,Nonfiction,42.38,42.38,42.38,,It's Never Too Late to Begin Again: Discovering Creativity and Meaning at Midlife and Beyond
3,Default,24.61,24.61,24.61,,Orange Is the New Black
3,Sequential Art,31.45,31.45,31.45,star-rating Three,Original Fake
3,Nonfiction,56.70,56.70,56.70,,Into the Wild
3,Nonfiction,14.16,14.16,14.16,,Outliers: The Story of Success
3,Default,56.68,56.68,56.68,,Packing for Mars: The Curious Science of Life in the Void
3,Fiction,44.97,44.97,44.97,,Jurassic Park (Jurassic Park #1)
3,Sequential Art,39.13,39.13,39.13,,Persepolis: The Story of a Childhood (Persepolis #1-2)
3,Sequential Art,43.63,43.63,43.63,star-rating Three,Prodigy: The Graphic Novel (Legend: The Graphic Novel #2)
3,Default,43.55,43.55,43.55,,Quiet: The Power of Introverts in a World That Can't Stop Talking
3,Science Fiction,19.07,19.07,19.07,,Ready Player One
3,Childrens,28.54,28.54,28.54,star-rating Three,Red: The True Story of Red Riding Hood
3,Romance,11.10,11.10,11.10,star-rating Three,Reservations for Two
3,Nonfiction,41.67,41.67,41.67,,"Rise of the Rocket Girls: The Women Who Propelled Us, from Missiles to the Moon to Mars"
3,Business,44.88,44.88,44.88,,Rework
3,Add a comment,50.11,50.11,50.11,star-rating Three,Rogue Lawyer (Rogue Lawyer #1)
3,Autobiography,12.91,12.91,12.91,,Running with Scissors
3,Sequential Art,21.57,21.57,21.57,,"Saga, Volume 3 (Saga (Collected Editions) #3)"
3,Add a comment,46.29,46.29,46.29,,Sarah's Key
3,Young Adult,14.57,14.57,14.57,,Scarlet (The Lunar Chronicles #2)
3,Science,30.60,30.60,30.60,,Seven Brief Lessons on Physics
3,Add a comment,52.33,52.33,52.33,,Seven Days in the Art World
3,Fantasy,24.72,24.72,24.72,,Soldier (Talon #3)
3,Womens Fiction,48.96,48.96,48.96,,Something Borrowed (Darcy & Rachel #1)
3,Womens Fiction,54.62,54.62,54.62,,Something Blue (Darcy & Rachel #2)
3,Nonfiction,36.74,36.74,36.74,star-rating Three,Stiff: The Curious Lives of Human Cadavers
3,Nonfiction,49.51,49.51,49.51,,Spilled Milk: Based on a True Story
3,Fiction,22.10,22.10,22.10,,The Art of Fielding
3,Science,25.83,25.83,25.83,,"Surely You're Joking, Mr. Feynman!: Adventures of a Curious Character"
3,Food and Drink,34.32,34.32,34.32,star-rating Three,"The Art of Simple Food: Notes, Lessons, and Recipes from a Delicious Revolution"
3,Sports and Games,44.84,44.84,44.84,,The Book of Basketball: The NBA According to The Sports Guy
3,Default,23.43,23.43,23.43,,The Autobiography of Malcolm X
3,Add a comment,53.71,53.71,53.71,,The Blind Side: Evolution of a Game
3,Default,53.49,53.49,53.49,,The Book Thief
3,Add a comment,47.84,47.84,47.84,,The Case for Christ (Cases for Christianity)
3,Childrens,16.26,16.26,16.26,,The Cat in the Hat (Beginner Books B-1)
3,Add a comment,41.32,41.32,41.32,,The Complete Poems
3,Add a comment,24.55,24.55,24.55,,The Catcher in the Rye
3,Classics,26.78,26.78,26.78,,The Complete Stories and Poems (The Works of Edgar Allan Poe [Cameo Edition])
3,Fiction,22.96,22.96,22.96,,The Da Vinci Code (Robert Langdon #2)
3,Mystery,19.21,19.21,19.21,,The Cuckoo's Calling (Cormoran Strike #1)
3,Science,57.35,57.35,57.35,,"The Disappearing Spoon: And Other True Tales of Madness, Love, and the History of the World from the Periodic Table of the Elements"
3,Science,13.03,13.03,13.03,,"The Elegant Universe: Superstrings, Hidden Dimensions, and the Quest for the Ultimate Theory"
3,Add a comment,22.13,22.13,22.13,,"The End of Faith: Religion, Terror, and the Future of Reason"
3,Mystery,43.45,43.45,43.45,star-rating Three,The Exiled
3,Add a comment,57.48,57.48,57.48,,The Girl Who Kicked the Hornet's Nest (Millennium Trilogy #3)
3,Default,22.14,22.14,22.14,,The Girl Who Played with Fire (Millennium Trilogy #2)
3,Default,12.30,12.30,12.30,,The Giver (The Giver Quartet #1)
3,Horror,49.47,49.47,49.47,star-rating Three,The Girl with All the Gifts
3,Historical Fiction,49.53,49.53,49.53,,The Guernsey Literary and Potato Peel Pie Society
3,Default,43.58,43.58,43.58,star-rating Three,The Goldfinch
3,History,14.54,14.54,14.54,,The Guns of August
3,Add a comment,47.80,47.80,47.80,star-rating Three,The Hitchhiker's Guide to the Galaxy (Hitchhiker's Guide to the Galaxy #1)
3,Fiction,52.51,52.51,52.51,,The Husband's Secret
3,Historical Fiction,55.55,55.55,55.55,,The Last Painting of Sara de Vos
3,Fiction,27.41,27.41,27.41,,The Infinities
3,Young Adult,29.64,29.64,29.64,,"The Land of 10,000 Madonnas"
3,Default,20.93,20.93,20.93,,The Maze Runner (The Maze Runner #1)
3,Business,33.92,33.92,33.92,star-rating Three,The Lean Startup: How Today's Entrepreneurs Use Continuous Innovation to Create Radically Successful Businesses
3,Childrens,43.59,43.59,43.59,,The Lonely Ones
3,Young Adult,44.92,44.92,44.92,star-rating Three,The New Guy (and Other Senior Year Distractions)
3,Default,58.09,58.09,58.09,,The Lover's Dictionary
3,Nonfiction,37.25,37.25,37.25,,The Name of God is Mercy
3,Womens Fiction,52.53,52.53,52.53,,The Nanny Diaries (Nanny #1)
3,Fiction,26.26,26.26,26.26,,The Nightingale
3,Romance,45.43,45.43,45.43,,The Obsession
3,Default,36.80,36.80,36.80,star-rating Three,The Paris Wife
3,Classics,29.70,29.70,29.70,,The Picture of Dorian Gray
3,Add a comment,37.19,37.19,37.19,star-rating Three,The Purpose Driven Life: What on Earth Am I Here for?
3,Romance,12.25,12.25,12.25,,The Purest Hook (Second Circle Tattoos #3)
3,Historical Fiction,35.66,35.66,35.66,,The Red Tent
3,Add a comment,34.77,34.77,34.77,,The Rest Is Noise: Listening to the Twentieth Century
3,Biography,42.57,42.57,42.57,star-rating Three,The Rise of Theodore Roosevelt (Theodore Roosevelt #1)
3,Science Fiction,10.92,10.92,10.92,,The Restaurant at the End of the Universe (Hitchhiker's Guide to the Galaxy #2)
3,Travel,23.21,23.21,23.21,,The Road to Little Dribbling: Adventures of an American in Britain (Notes From a Small Island #2)
3,Fantasy,58.64,58.64,58.64,,The Rose & the Dagger (The Wrath and the Dawn #2)
3,Sequential Art,55.55,55.55,55.55,,"The Sandman, Vol. 3: Dream Country (The Sandman (volumes) #3)"
3,Mystery,23.05,23.05,23.05,,The Silkworm (Cormoran Strike #2)
3,Food and Drink,23.59,23.59,23.59,,The Smitten Kitchen Cookbook
3,Horror,57.86,57.86,57.86,,The Stand
3,Childrens,48.77,48.77,48.77,,The Thing About Jellyfish
3,Add a comment,10.02,10.02,10.02,,The Tipping Point: How Little Things Can Make a Big Difference
3,Thriller,15.77,15.77,15.77,,The Travelers
3,Womens Fiction,45.75,45.75,45.75,,The Undomestic Goddess
3,Sequential Art,14.41,14.41,14.41,star-rating Three,"The Wicked + The Divine, Vol. 3: Commercial Suicide (The Wicked + The Divine)"
3,Childrens,56.07,56.07,56.07,star-rating Three,The Wild Robot
3,Psychology,21.14,21.14,21.14,,"Thinking, Fast and Slow"
3,Nonfiction,53.51,53.51,53.51,,"Trespassing Across America: One Man's Epic, Never-Done-Before (and Sort of Illegal) Hike Across the Heartland"
3,Fiction,23.21,23.21,23.21,star-rating Three,Three-Martini Lunch
3,Womens Fiction,42.80,42.80,42.80,,Twenties Girl
3,Default,41.93,41.93,41.93,,Twilight (Twilight #1)
3,Young Adult,32.74,32.74,32.74,,Two Boys Kissing
3,Nonfiction,30.00,30.00,30.00,,Under the Banner of Heaven: A Story of Violent Faith
3,Nonfiction,58.09,58.09,58.09,,"Unstuffed: Decluttering Your Home, Mind, and Soul"
3,Food and Drink,13.66,13.66,13.66,,Vegan Vegetarian Omnivore: Dinner for Everyone at the Table
3,Historical Fiction,21.07,21.07,21.07,,Voyager (Outlander #3)
3,Nonfiction,50.66,50.66,50.66,star-rating Three,Very Good Lives: The Fringe Benefits of Failure and the Importance of Imagination
3,Young Adult,32.36,32.36,32.36,star-rating Three,Walk the Edge (Thunder Road #2)
3,Contemporary,24.04,24.04,24.04,,We Are All Completely Beside Ourselves
3,Nonfiction,31.95,31.95,31.95,star-rating Three,We the People: The Modern-Day Figures Who Have Reshaped and Affirmed the Founding Fathers' Vision of America
3,Humor,30.89,30.89,30.89,,When You Are Engulfed in Flames
3,Default,18.13,18.13,18.13,,"Where'd You Go, Bernadette"
3,Default,21.80,21.80,21.80,,World War Z: An Oral History of the Zombie War
3,Classics,17.73,17.73,17.73,star-rating Three,Wuthering Heights
3,Default,46.02,46.02,46.02,star-rating Three,Wild: From Lost to Found on the Pacific Crest Trail
3,Default,34.77,34.77,34.77,,Zero History (Blue Ant #3)
4,Horror,49.56,49.56,49.56,,'Salem's Lot
4,Religion,27.62,27.62,27.62,,"A History of God: The 4,000-Year Quest of Judaism, Christianity, and Islam"
4,Spirituality,55.65,55.65,55.65,,A New Earth: Awakening to Your Life's Purpose
4,Romance,56.43,56.43,56.43,,A Walk to Remember
4,Classics,57.22,57.22,57.22,star-rating Three,Animal Farm
4,Fiction,26.58,26.58,26.58,,Atlas Shrugged
4,Womens Fiction,21.94,21.94,21.94,,Can You Keep a Secret?
4,Classics,58.63,58.63,58.63,star-rating Three,Candide
4,Romance,13.38,13.38,13.38,star-rating Three,Changing the Game (Play by Play #2)
4,Default,48.94,48.94,48.94,,Confessions of a Shopaholic (Shopaholic #1)
4,Romance,12.87,12.87,12.87,,Dark Lover (Black Dagger Brotherhood #1)
4,Fantasy,14.74,14.74,14.74,,Harry Potter and the Chamber of Secrets (Harry Potter #2)
4,Thriller,34.93,34.93,34.93,,Far From True (Promise Falls Trilogy #2)
4,Fantasy,48.75,48.75,48.75,,Harry Potter and the Half-Blood Prince (Harry Potter #6)
4,Fantasy,31.63,31.63,31.63,,Harry Potter and the Order of the Phoenix (Harry Potter #5)
4,Young Adult,24.17,24.17,24.17,,Harry Potter and the Prisoner of Azkaban (Harry Potter #3)
4,Default,13.90,13.90,13.90,star-rating Three,Harry Potter and the Sorcerer's Stone (Harry Potter #1)
4,Horror,25.01,25.01,25.01,star-rating Three,It
4,Horror,34.79,34.79,34.79,,Misery
4,Classics,28.07,28.07,28.07,,Little Women (Little Women #1)
4,Default,20.44,20.44,20.44,,Mockingjay (The Hunger Games #3)
4,Horror,47.51,47.51,47.51,,Needful Things
4,Horror,12.75,12.75,12.75,,Night Shift (Night Shift #1-20)
4,Music,20.02,20.02,20.02,,No One Here Gets Out Alive
4,Music,12.36,12.36,12.36,star-rating Three,"Orchestra of Exiles: The Story of Bronislaw Huberman, the Israel Philharmonic, and the One Thousand Jews He Saved from Nazi Horrors"
4,Default,19.67,19.67,19.67,,Outlander (Outlander #1)
4,Fantasy,49.45,49.45,49.45,,Paper and Fire (The Great Library #2)
4,Womens Fiction,48.39,48.39,48.39,,Shopaholic Ties the Knot (Shopaholic #3)
4,Womens Fiction,13.73,13.73,13.73,,Some Women
4,Fantasy,46.08,46.08,46.08,,The Beast (Black Dagger Brotherhood #14)
4,Sequential Art,27.88,27.88,27.88,,"The Demon Prince of Momochi House, Vol. 4 (The Demon Prince of Momochi House #4)"
4,Thriller,59.71,59.71,59.71,star-rating Three,The Bone Hunters (Lexy Vaughan & Steven Macaulay #2)
4,Fantasy,52.11,52.11,52.11,,The Demonists (Demonist #1)
4,Nonfiction,28.23,28.23,28.23,,The Geography of Bliss: One Grump's Search for the Happiest Places in the World
4,Nonfiction,16.81,16.81,16.81,,The Gunning of America: Business and the Making of American Gun Culture
4,Classics,14.82,14.82,14.82,,The Hound of the Baskervilles (Sherlock Holmes #5)
4,Default,29.85,29.85,29.85,,The Hunger Games (The Hunger Games #1)
4,Nonfiction,38.71,38.71,38.71,star-rating Three,The Jazz of Physics: The Secret Link Between Music and the Structure of the Universe
4,Historical Fiction,28.32,28.32,28.32,,The Passion of Dolssa
4,Romance,59.99,59.99,59.99,star-rating Three,The Perfect Play (Play by Play #1)
4,Classics,50.26,50.26,50.26,,The Pilgrim's Progress
5,Add a comment,10.79,10.79,10.79,star-rating Three,A Clash of Kings (A Song of Ice and Fire #2)
4,Default,27.88,27.88,27.88,star-rating Three,The Shining (The Shining #1)
4,Default,52.35,52.35,52.35,,Vogue Colors A to Z: A Fashion Coloring Book
5,Fantasy,17.21,17.21,17.21,,A Feast for Crows (A Song of Ice and Fire #4)
5,Add a comment,46.42,46.42,46.42,,A Game of Thrones (A Song of Ice and Fire #1)
5,Young Adult,10.00,10.00,10.00,,An Abundance of Katherines
5,Romance,31.30,31.30,31.30,,A Girl's Guide to Moving On (New Beginnings #2)
5,Default,58.59,58.59,58.59,,Alight (The Generations Trilogy #2)
5,Default,34.13,34.13,34.13,,"Blue Lily, Lily Blue (The Raven Cycle #3)"
5,Autobiography,58.81,58.81,58.81,,Approval Junkie: Adventures in Caring Too Much
5,Poetry,17.49,17.49,17.49,,Booked
5,Philosophy,20.75,20.75,20.75,,Critique of Pure Reason
5,Nonfiction,32.35,32.35,32.35,star-rating Three,"Data, A Love Story: How I Gamed Online Dating to Meet My Match"
5,Sequential Art,52.41,52.41,52.41,,"Death Note, Vol. 5: Whiteout (Death Note #5)"
5,Horror,35.63,35.63,35.63,,Dracula the Un-Dead
5,Fiction,58.00,58.00,58.00,,Digital Fortress
5,Default,38.70,38.70,38.70,,Drama
5,Add a comment,22.37,22.37,22.37,,Find Her (Detective D.D. Warren #8)
5,Add a comment,42.27,42.27,42.27,,Evicted: Poverty and Profit in the American City
5,Sequential Art,16.33,16.33,16.33,,"Fruits Basket, Vol. 5 (Fruits Basket #5)"
5,Default,16.96,16.96,16.96,,Fool Me Once
5,Science Fiction,32.42,32.42,32.42,,Foundation (Foundation (Publication Order) #1)
5,Default,36.55,36.55,36.55,,I Know Why the Caged Bird Sings (Maya Angelou's Autobiography #1)
5,Default,23.32,23.32,23.32,,Harry Potter and the Deathly Hallows (Harry Potter #7)
5,Default,38.13,38.13,38.13,,If I Stay (If I Stay #1)
5,Young Adult,48.13,48.13,48.13,,Isla and the Happily Ever After (Anna and the French Kiss #3)
5,Academic,13.12,13.12,13.12,,Logan Kade (Fallen Crest High #5.5)
5,Young Adult,23.63,23.63,23.63,,Lola and the Boy Next Door (Anna and the French Kiss #2)
5,Childrens,22.54,22.54,22.54,,Maybe Something Beautiful: How Art Transformed a Neighborhood
5,Food and Drink,24.91,24.91,24.91,,Mexican Today: New and Rediscovered Recipes for Contemporary Kitchens
5,Nonfiction,31.63,31.63,31.63,,My Mother Was Nuts
5,Science,16.28,16.28,16.28,,Peak: Secrets from the New Science of Expertise
5,Horror,23.37,23.37,23.37,star-rating Three,Red Dragon (Hannibal Lecter #1)
5,Default,11.48,11.48,11.48,star-rating Three,Remember Me?
5,Default,16.23,16.23,16.23,,Shiver (The Wolves of Mercy Falls #1)
5,Fiction,34.22,34.22,34.22,,Siddhartha
5,Nonfiction,25.15,25.15,25.15,,Talking to Girls About Duran Duran: One Young Man's Quest for True Love and a Cooler Haircut
5,Young Adult,41.81,41.81,41.81,,Tell Me Three Things
5,Default,11.83,11.83,11.83,,The 5th Wave (The 5th Wave #1)
5,Fantasy,45.51,45.51,45.51,star-rating Three,Tell the Wind and Fire
5,Poetry,38.77,38.77,38.77,,The Crossover
5,Young Adult,11.33,11.33,11.33,,The Darkest Corners
5,Default,34.50,34.50,34.50,,The Dream Thieves (The Raven Cycle #2)
5,History,55.91,55.91,55.91,,The Hiding Place
5,Fiction,24.73,24.73,24.73,star-rating Three,The Little Paris Bookshop
5,History,42.91,42.91,42.91,,The Mathews Men: Seven Brothers and the War Against Hitler's U-boats
5,Food and Drink,11.05,11.05,11.05,,The Power Greens Cookbook: 140 Delicious Superfood Recipes
5,Classics,28.58,28.58,28.58,,The Metamorphosis
5,Fantasy,57.74,57.74,57.74,,The Raven Boys (The Raven Cycle #1)
5,Add a comment,30.57,30.57,30.57,,The Raven King (The Raven Cycle #4)
5,Classics,15.08,15.08,15.08,,The Secret Garden
5,Music,38.40,38.40,38.40,,This Is Your Brain on Music: The Science of a Human Obsession
5,Young Adult,14.64,14.64,14.64,,Two Summers
5,Default,53.68,53.68,53.68,,What If?: Serious Scientific Answers to Absurd Hypothetical Questions
5,Young Adult,41.73,41.73,41.73,,Where She Went (If I Stay #2)
5,Nonfiction,48.67,48.67,48.67,,Why Save the Bankers?: And Other Essays on Our Economic and Political Crisis
5,Young Adult,47.31,47.31,47.31,,"Will Grayson, Will Grayson (Will Grayson, Will Grayson)"
5,Historical Fiction,32.97,32.97,32.97,,World Without End (The Pillars of the Earth #2)
6,Travel,56.88,56.88,56.88,,A Year in Provence (Provence #1)
6,Psychology,21.30,21.30,21.30,star-rating Three,An Unquiet Mind: A Memoir of Moods and Madness
6,Food and Drink,39.61,39.61,39.61,star-rating Three,Better Homes and Gardens New Cook Book
6,History,58.55,58.55,58.55,,Catherine the Great: Portrait of a Woman
6,Sequential Art,20.96,20.96,20.96,,"Fruits Basket, Vol. 6 (Fruits Basket #6)"
6,Sequential Art,36.39,36.39,36.39,star-rating Three,"Death Note, Vol. 6: Give-and-Take (Death Note #6)"
6,Fiction,40.32,40.32,40.32,,Deception Point
6,Thriller,18.32,18.32,18.32,,Give It Back
6,Self Help,46.49,46.49,46.49,,How to Stop Worrying and Start Living
6,Add a comment,56.59,56.59,56.59,,Fun Home: A Family Tragicomic
6,Nonfiction,42.14,42.14,42.14,star-rating Three,"Girl, Interrupted"
6,Mystery,38.38,38.38,38.38,,In the Woods (Dublin Murder Squad #1)
6,Nonfiction,49.98,49.98,49.98,,In Cold Blood
6,Fiction,19.02,19.02,19.02,,Me Before You (Me Before You #1)
6,Add a comment,48.51,48.51,48.51,star-rating Three,Mere Christianity
6,Default,46.58,46.58,46.58,,Musicophilia: Tales of Music and the Brain
6,Add a comment,19.27,19.27,19.27,,Pride and Prejudice
6,Default,30.60,30.60,30.60,star-rating Three,Ship Leaves Harbor: Essays on Travel by a Recovering Journeyman
6,Young Adult,50.96,50.96,50.96,,Tell the Wolves I'm Home
6,Food and Drink,59.92,59.92,59.92,,The Barefoot Contessa Cookbook
